{"cameraMode":{"drawMode":0,"name":"Shaded","section":"Shading Mode"},"sceneLighting":false,"audioPlay":false,"sceneViewState":{"showFog":true,"showMaterialUpdate":false,"showSkybox":true,"showFlares":true,"showImageEffects":true,"showParticleSystems":true},"in2DMode":false,"pivot":{"x":1.9690800905227662,"y":4.742420196533203,"z":-3.3764185905456545},"rotation":{"x":-0.09789232909679413,"y":-0.032239850610494617,"z":-0.0031726621091365816,"w":0.9946696162223816},"size":6.321597099304199,"orthographic":false}