{"cameraMode":{"drawMode":0,"name":"Shaded","section":"Shading Mode"},"sceneLighting":false,"audioPlay":false,"sceneViewState":{"showFog":true,"showMaterialUpdate":false,"showSkybox":true,"showFlares":true,"showImageEffects":true,"showParticleSystems":true},"in2DMode":false,"pivot":{"x":2.0926947593688967,"y":-0.1530383825302124,"z":1.2831637859344483},"rotation":{"x":0.015742018818855287,"y":0.6063390970230103,"z":-0.012006432749330998,"w":0.7949596643447876},"size":16.31630516052246,"orthographic":false}