{"cameraMode":{"drawMode":0,"name":"Shaded","section":"Shading Mode"},"sceneLighting":true,"audioPlay":false,"sceneViewState":{"showFog":true,"showMaterialUpdate":false,"showSkybox":true,"showFlares":true,"showImageEffects":true,"showParticleSystems":true},"in2DMode":false,"pivot":{"x":-0.35519999265670779,"y":0.29680001735687258,"z":0.012800004333257676},"rotation":{"x":-0.013079468160867691,"y":0.24786469340324403,"z":0.0033449300099164249,"w":0.968700647354126},"size":24.605398178100587,"orthographic":false}