{"cameraMode":{"drawMode":0,"name":"Shaded","section":"Shading Mode"},"sceneLighting":false,"audioPlay":false,"sceneViewState":{"showFog":true,"showMaterialUpdate":true,"showSkybox":true,"showFlares":true,"showImageEffects":true,"showParticleSystems":true},"in2DMode":false,"pivot":{"x":-0.9523987770080566,"y":0.98811274766922,"z":0.011500120162963868},"rotation":{"x":0.18524517118930818,"y":-0.004734104033559561,"z":0.0007794409757480025,"w":0.98268061876297},"size":4.472438812255859,"orthographic":false}