{"cameraMode":{"drawMode":0,"name":"Shaded","section":"Shading Mode"},"sceneLighting":false,"audioPlay":false,"sceneViewState":{"showFog":true,"showMaterialUpdate":true,"showSkybox":true,"showFlares":true,"showImageEffects":true,"showParticleSystems":true},"in2DMode":false,"pivot":{"x":1.3666677474975587,"y":-2.218809127807617,"z":2.1753721237182619},"rotation":{"x":-0.2788501977920532,"y":-0.5618534088134766,"z":0.20881159603595735,"w":-0.7503073215484619},"size":22.327150344848634,"orthographic":false}