{"cameraMode":{"drawMode":0,"name":"Shaded","section":"Shading Mode"},"sceneLighting":false,"audioPlay":false,"sceneViewState":{"showFog":true,"showMaterialUpdate":true,"showSkybox":true,"showFlares":true,"showImageEffects":true,"showParticleSystems":true},"in2DMode":false,"pivot":{"x":-0.0189056396484375,"y":0.0,"z":0.26902148127555849},"rotation":{"x":0.010904920287430287,"y":-0.6383020877838135,"z":0.7696564793586731,"w":0.008969329297542572},"size":24.950613021850587,"orthographic":false}