{"cameraMode":{"drawMode":0,"name":"Shaded","section":"Shading Mode"},"sceneLighting":false,"audioPlay":false,"sceneViewState":{"showFog":true,"showMaterialUpdate":true,"showSkybox":true,"showFlares":true,"showImageEffects":true,"showParticleSystems":true},"in2DMode":false,"pivot":{"x":0.10000002384185791,"y":0.10000002384185791,"z":0.10000002384185791},"rotation":{"x":0.1119714081287384,"y":0.8861142992973328,"z":-0.2861440181732178,"w":0.346966028213501},"size":3.4294607639312746,"orthographic":false}