{"cameraMode":{"drawMode":0,"name":"Shaded","section":"Shading Mode"},"sceneLighting":false,"audioPlay":false,"sceneViewState":{"showFog":true,"showMaterialUpdate":true,"showSkybox":true,"showFlares":true,"showImageEffects":true,"showParticleSystems":true},"in2DMode":false,"pivot":{"x":-0.9944257736206055,"y":-0.2853677272796631,"z":1.180163860321045},"rotation":{"x":-0.08832353353500366,"y":0.6428970694541931,"z":0.07491818815469742,"w":0.7571457028388977},"size":28.015424728393556,"orthographic":false}