{"cameraMode":{"drawMode":0,"name":"Shaded","section":"Shading Mode"},"sceneLighting":false,"audioPlay":false,"sceneViewState":{"showFog":true,"showMaterialUpdate":true,"showSkybox":true,"showFlares":true,"showImageEffects":true,"showParticleSystems":true},"in2DMode":false,"pivot":{"x":-31.44499969482422,"y":4.24371862411499,"z":-7.880000114440918},"rotation":{"x":-0.2594572901725769,"y":-0.2513493001461029,"z":0.07017387449741364,"w":-0.9298285245895386},"size":10.650530815124512,"orthographic":false}