{"cameraMode":{"drawMode":0,"name":"Shaded","section":"Shading Mode"},"sceneLighting":false,"audioPlay":false,"sceneViewState":{"showFog":true,"showMaterialUpdate":true,"showSkybox":true,"showFlares":true,"showImageEffects":true,"showParticleSystems":true},"in2DMode":false,"pivot":{"x":2.50022554397583,"y":2.5,"z":3.6730000972747804},"rotation":{"x":0.22011803090572358,"y":0.027278263121843339,"z":-0.006174788810312748,"w":0.9750722050666809},"size":24.753498077392579,"orthographic":false}