{"cameraMode":{"drawMode":0,"name":"Shaded","section":"Shading Mode"},"sceneLighting":false,"audioPlay":false,"sceneViewState":{"showFog":true,"showMaterialUpdate":true,"showSkybox":true,"showFlares":true,"showImageEffects":true,"showParticleSystems":true},"in2DMode":false,"pivot":{"x":-0.0189056396484375,"y":0.0,"z":-0.31931841373443606},"rotation":{"x":-0.009638305753469468,"y":-0.6961238980293274,"z":0.717795193195343,"w":-0.009423424489796162},"size":25.315792083740236,"orthographic":false}