{"cameraMode":{"drawMode":0,"name":"Shaded","section":"Shading Mode"},"sceneLighting":true,"audioPlay":false,"sceneViewState":{"showFog":true,"showMaterialUpdate":true,"showSkybox":true,"showFlares":true,"showImageEffects":true,"showParticleSystems":true},"in2DMode":false,"pivot":{"x":-2.714632511138916,"y":1.9763487577438355,"z":0.828947901725769},"rotation":{"x":0.09916076064109802,"y":0.36490681767463686,"z":-0.03919047862291336,"w":0.9249185919761658},"size":15.094863891601563,"orthographic":false}