{"cameraMode":{"drawMode":0,"name":"Shaded","section":"Shading Mode"},"sceneLighting":false,"audioPlay":false,"sceneViewState":{"showFog":true,"showMaterialUpdate":true,"showSkybox":true,"showFlares":true,"showImageEffects":true,"showParticleSystems":true},"in2DMode":false,"pivot":{"x":-4.906589508056641,"y":3.4839999675750734,"z":-3.2833452224731447},"rotation":{"x":0.09916076064109802,"y":0.36490681767463686,"z":-0.03919047862291336,"w":0.9249185919761658},"size":24.14388084411621,"orthographic":false}