{"cameraMode":{"drawMode":0,"name":"Shaded","section":"Shading Mode"},"sceneLighting":false,"audioPlay":false,"sceneViewState":{"showFog":true,"showMaterialUpdate":true,"showSkybox":true,"showFlares":true,"showImageEffects":true,"showParticleSystems":true},"in2DMode":false,"pivot":{"x":4.394886016845703,"y":2.5,"z":1.6531670093536378},"rotation":{"x":0.1913275122642517,"y":0.20277415215969087,"z":-0.04044737666845322,"w":0.9595000743865967},"size":33.52708435058594,"orthographic":false}