{"cameraMode":{"drawMode":0,"name":"Shaded","section":"Shading Mode"},"sceneLighting":false,"audioPlay":false,"sceneViewState":{"showFog":true,"showMaterialUpdate":true,"showSkybox":true,"showFlares":true,"showImageEffects":true,"showParticleSystems":true},"in2DMode":false,"pivot":{"x":-2.6410229206085207,"y":0.284000039100647,"z":0.6635230779647827},"rotation":{"x":0.06013768911361694,"y":-0.9312098026275635,"z":0.1798819750547409,"w":0.31124645471572878},"size":10.332904815673829,"orthographic":false}