{"cameraMode":{"drawMode":0,"name":"Shaded","section":"Shading Mode"},"sceneLighting":false,"audioPlay":false,"sceneViewState":{"showFog":true,"showMaterialUpdate":true,"showSkybox":true,"showFlares":true,"showImageEffects":true,"showParticleSystems":true},"in2DMode":false,"pivot":{"x":-3.7035000324249269,"y":-0.2174208164215088,"z":-3.761995315551758},"rotation":{"x":0.1119714081287384,"y":0.8861142992973328,"z":-0.2861440181732178,"w":0.346966028213501},"size":9.927993774414063,"orthographic":false}