{"cameraMode":{"drawMode":0,"name":"Shaded","section":"Shading Mode"},"sceneLighting":false,"audioPlay":false,"sceneViewState":{"showFog":true,"showMaterialUpdate":true,"showSkybox":true,"showFlares":true,"showImageEffects":true,"showParticleSystems":true},"in2DMode":false,"pivot":{"x":2.9522500038146974,"y":2.5,"z":3.7829999923706056},"rotation":{"x":-0.00030740885995328426,"y":0.9987125992774963,"z":-0.05040254816412926,"w":-0.005717120133340359},"size":23.40165901184082,"orthographic":false}