{"cameraMode":{"drawMode":0,"name":"Shaded","section":"Shading Mode"},"sceneLighting":false,"audioPlay":false,"sceneViewState":{"showFog":true,"showMaterialUpdate":true,"showSkybox":true,"showFlares":true,"showImageEffects":true,"showParticleSystems":true},"in2DMode":false,"pivot":{"x":-3.1926333904266359,"y":0.2839999198913574,"z":-4.172941207885742},"rotation":{"x":-0.1174810603260994,"y":-0.725386381149292,"z":0.12799859046936036,"w":-0.6660550236701965},"size":39.43002700805664,"orthographic":false}