{"cameraMode":{"drawMode":0,"name":"Shaded","section":"Shading Mode"},"sceneLighting":false,"audioPlay":false,"sceneViewState":{"showFog":true,"showMaterialUpdate":true,"showSkybox":true,"showFlares":true,"showImageEffects":true,"showParticleSystems":true},"in2DMode":false,"pivot":{"x":0.6679999828338623,"y":-1.2814934253692628,"z":3.8364808559417726},"rotation":{"x":-0.02582479827105999,"y":0.007016968913376331,"z":-0.00016336758562829345,"w":-0.9996418952941895},"size":6.349830627441406,"orthographic":false}